studyArea,simObject,gcm,ssp,runID,gid
AOU,simOutPreamble,CCSM4,45,,1qQZnwqtcZMYJ43MYN8QZBxtd0tHHBbha
AOU,simOutPreamble,CCSM4,85,,1InmRgjKLZip36AzUy6XzRufdt2mk1nwA
AOU,biomassMaps2001,CCSM4,,,1eAYoAKDOBkYvdIF5Txwy8FyBlmpL9s19
AOU,biomassMaps2011,CCSM4,,,1UlOm5zx7wWvRvLIUoCoC4HQg188WwKHv
AOU,fSsimDataPrep,CCSM4,,,1zB0c__IYQiQfUguXaYkkC0Hzp1wRVSHh
AOU,ignitionOut,CCSM4,,,1_NtOc8lG5GMIftWXsxPdeW_pu9Z7EZGa
AOU,escapeOut,CCSM4,,,1zinlswysrTcQ1OZxBsfR-S5-kpMbDC8J
AOU,spreadOut,CCSM4,,1,1-NuFcAcnG0G5SEEH5LlX0moh5h6EYcAs
AOU,results,"",,,1DWOgy-XxZO9pmgfRXEzHJPX7jU4x3Vki
ROF,simOutPreamble,CCSM4,45,,1LIZEM4Jyga0CjNG-Z_1ql2rj11or54Tg
ROF,simOutPreamble,CCSM4,85,,11oTUX0R1i65uIjuI1PmYYd3ibjVu0cyP
ROF,simOutPreamble,CNRM-ESM2-1,245,,1uAMM6RSobp55nn2F6CQB2fAo_QkXq6PJ
ROF,simOutPreamble,CNRM-ESM2-1,370,,1TSuzG8ZKqGFe7NTDMWq2Se81KtGsZySr
ROF,simOutPreamble,CNRM-ESM2-1,585,,1rF5rwuMbQSGVAtrD-9FyeO5Y4d_M5PcW
ROF,simOutPreamble,CanESM5,370,,1dNLEVMJErDztCN0Iy17J2H6G_JE4DMDC
ROF,biomassMaps2001,"",,,1299ngPCZX1Kd57GO7nbz-Ah_ttB81kCF
ROF,biomassMaps2011,"",,,1BA4WOTxlGbnx8FZvB1btKKcpApm3iEhG
ROF,fSsimDataPrep,"",,,1LpXVkNn8Zvdo6TIQEu6zkeFWi_26ZTNO
ROF,ignitionOut,"",,,1AbWVAZVvwIm-L--qx__EnNswHMT6CJTO
ROF,escapeOut,"",,,10v5bXiRxPoTgINZBv70uxb-zNr1HTlUi
ROF,spreadOut,"",,1,14JGKSLBMdd9-u5wfYEKX19zK1XRh_RUf
ROF,spreadOut,"",,2,1i-Kqapi6ecbKeLw0koYEmEGnXfbeHjNR
ROF,spreadOut,"",,3,1zKxUITMEUBZ4NluEdyPcRISDT_PMGFyF
ROF,results,"",,,1OjTkQVUhVq65YPGGOpijZ1ifeRWCwBA4
ROF_plain,simOutPreamble,CNRM-ESM2-1,370,,1uSsQadhN7bkzESKJl63FlDsR-MYdccJ7
ROF_plain,biomassMaps2001,"",,,1Zff5L_X4DbVD8oD_qs00ATt0XPmHqeQw
ROF_plain,biomassMaps2011,"",,,1vjU8Rf7e-w6C8-yDsTSp9N4aRhR89qw4
ROF_plain,fSsimDataPrep,"",,,1pT-NvgEFy7qIZ6G-sD-xWoGwkZEXdIz1
ROF_plain,ignitionOut,"",,,1f1YMV7YbYodf8ELyAKjAWU3u7wEqUFM2
ROF_plain,escapeOut,"",,,1PQvmBxkyKG0-r_ZjZcQFif5_1jqClHAn
ROF_plain,results,"",,,1RJ0zoKeUPhl5opVa0v7WbaaxS-NUxfUn
ROF_shield,simOutPreamble,CNRM-ESM2-1,370,,1p1NLX4Vbu14GLMGDW8rFAbYSGOY_VM4C
ROF_shield,simOutPreamble,CanESM5,370,,1cFvp20waZdWv6tfWvGaKoLFPZlIoa4Ic
ROF_shield,biomassMaps2001,"",,,1ZxaC75I4PnGc8phX1gnNu1ojq1601G5U
ROF_shield,biomassMaps2011,"",,,1L_4D1YfhgzL6rT9KEa-PSnrFDNmA0dL4
ROF_shield,fSsimDataPrep,"",,,1L1T7DjcRtzOMKIsqNBuaWcH_sv8QPquC
ROF_shield,ignitionOut,"",,,1QlkJuIAj2rffVUR8BpGd5EhuqhByG01X
ROF_shield,escapeOut,,,,1Zb4HiaSm-QVnXEH7YkUeR_rNdFfzGouM
ROF_shield,spreadOut,,,1,1QZOh3TMTQZf9WevtJi0s29jG2j3mx_dH
ROF_shield,results,"",,,1Wys9aJSz57WdY0uMKxS8ObQ4mw-yoxBG
